SECCOD;SUBSECCOD;SERCOD;SUBSERCOD;SUBSERDESC
1;15;1;2;Adopció de l'escut heràldic del municipi
1;15;1;3;Adopció de l'himne del municipi
1;15;1;4;Adopció dels emblemes del municipi
1;15;1;5;Adopció i modificació de la simbologia municipal (Entrada genèrica)
1;15;1;6;Manual / programa d'identitat visual de l'ajuntament
1;15;1;7;Modificacions de la bandera del municipi
1;15;1;8;Modificacions de l'escut heràldic del municipi
1;15;1;9;Modificacions de l'himne del municipi
1;15;1;10;Modificacions dels emblemes del municipi
1;15;2;1;Celebracions de cerimònia de casament civil
1;15;2;2;Fills predilectes i adoptius
1;15;2;3;Guardons, distincions, condecoracions i diplomes
1;15;2;4;Llibres de signatures / Llibres d'honor
1;15;2;5;Organització d'actes protocol·laris
1;15;2;6;Viatges i visites
1;15;3;1;Comunicats als mitjans de comunicació
1;15;3;2;Continguts creats per al web i les xarxes socials
1;15;3;3;Enregistraments de les emissions de la Televisó Municipal
1;15;3;4;Enregistraments de les emissions de l'Emissora Municipal
1;15;3;5;Entrevistes a membres de l'ajuntament
1;15;3;6;Gestió de la Televisió Municipal (Entrada genèrica)
1;15;3;7;Gestió de l'Emissora Municipal (Entrada genèrica)
1;15;3;8;Notes de premsa als mitjans de comunicació
1;15;3;9;Programacions i guions de la Televisió Municipal
1;15;3;10;Programacions i guions de l'Emissora Municipal
1;15;3;11;Reculls de premsa
1;15;3;12;Rodes de premsa
1;15;4;1;Agermanaments
1;15;4;2;Correspondència de cortesia (saludes, condols, agraïments i felicitacions)
1;15;5;1;Gestió dels estands a fires, congressos i jornades
1;15;5;2;Organització d'exposicions
1;15;6;1;Campanyes promocionals o publicitàries
1;15;7;1;Agenda d'activitats
1;15;7;2;Butlletí Municipal
1;15;7;3;Publicacions municipals (Entrada genèrica)
2;3;1;1;Registre auxiliar de control intern de sortida documentació
2;3;1;2;Registre auxiliar de control intern d'entrada de documentació
2;3;1;3;Registre de certificats / Certificats
2;3;1;4;Registre de sortida de documents
2;3;1;5;Registre d'entrada de documents
2;3;2;1;Anàlisis de processos
2;3;2;2;Catàlegs de formats
2;3;2;3;Catàlegs de processos
2;3;2;4;Catàlegs de tipus documentals
2;3;2;5;Esquemes de metadades de gestió documental
2;3;2;6;Gestió dels dipòsits de documentació
2;3;2;7;Instruments de descripció de fons arxivístics
2;3;2;8;Modificacions del quadre de classificació
2;3;2;9;Propostes d'accés i avaluació documental
2;3;2;10;Quadre de classificació
2;3;2;11;Reproduccions, substitució i conservació de documents
2;3;2;12;Restauracions de documents
2;3;3;1;Registre de transferències de documentació
2;3;3;2;Transferències de documentació
2;3;4;1;Reclamacions d'accés a la documentació i/o la informació
2;3;4;2;Registre de consultes de documentació
2;3;4;3;Registre de préstecs de documentació
2;3;4;4;Sol·licituds d'accés a la documentació i/o la informació (consulta)
2;3;4;5;Sol·licituds de préstec intern de la documentació
2;3;5;1;Eliminacions de documentació
2;3;5;2;Registre d'eliminacions de documentació
2;3;6;1;Emissions de certificats digitals de dispositiu
2;3;6;2;Emissions de certificats digitals personals
2;3;6;3;Gestió dels certificats digitals (Entrada genèrica)
2;3;6;4;Habilitacions de certificats digitals
2;3;6;5;Habilitacions de certificats digitals idCAT
2;3;6;6;Mecanismes d'identificació i signatura electrònica
2;3;6;7;Renovacions de certificats digitals de dispositiu
2;3;6;8;Renovacions de certificats digitals personals
2;3;6;9;Revocacions de certificats digitals
2;3;6;10;Revocacions de certificats digitals idCAT
2;3;6;11;Suspensions de certificats digitals
2;3;6;12;Suspensions de certificats digitals idCAT
2;3;7;1;Declaracions de fitxers de dades personals
2;3;7;2;Gestió de responsables de fitxers de dades personals
2;3;7;3;Gestió dels drets ARCO
2;4;1;1;Relacions diàries de correspondència franquejada i segellada
2;4;2;1;Publicació d'anuncis i edictes de tercers tramesos al tauler d'anuncis de la corporació local
2;4;3;1;Concessions del domini de freqüència radioelèctrica dels serveis municipals
2;4;3;2;Esquemes de la xarxa informàtica
2;4;3;3;Esquemes de la xarxa telefònica
2;4;3;4;Gestió de les xarxes telefònica i informàtica (Entrada genèrica)
2;4;3;5;Renovacions del domini de freqüència radioelèctrica dels serveis municipals
2;4;3;6;Revocacions del domini de freqüència radioelèctrica dels serveis municipals
2;6;1;1;Atorgaments de poders per a plets
5;3;5;C8;Exempcions i bonificacions a la contribució d'immobles, conreu i ramaderia (No vigent)
5;3;5;C9;Exempcions i bonificacions a la contribució industrial (No vigent)
5;3;5;D0;Exempcions i bonificacions a la contribució sobre edificis i solars (No vigent)
5;3;5;D1;Exempcions i bonificacions a la contribució territorial (No vigent)
5;3;5;D2;Exempcions i bonificacions a la contribució territorial rústica i pecuària (No vigent)
5;3;5;D3;Exempcions i bonificacions a la contribució territorial urbana (No vigent)
5;3;5;D4;Exempcions i bonificacions a la llicència fiscal (No vigent)
5;3;5;D5;Exempcions i bonificacions a la patent nacional de vehicles (No vigent)
5;3;5;D6;Exempcions i bonificacions a l'impost de cèdules personals (No vigent)
5;3;5;D7;Exempcions i bonificacions a l'impost de consums (No vigent)
5;3;5;D8;Exempcions i bonificacions a l'impost de prestació personal (No vigent)
5;3;5;D9;Exempcions i bonificacions a l'impost d'utilitats (No vigent)
5;3;5;E0;Exempcions i bonificacions a l'impost municipal de circulació de vehicles (*) i de l'impost sobre vehicles de tracció mecànica (No vigent)
5;3;5;E1;Exempcions i bonificacions a l'impost municipal sobre despeses sumptuàries (No vigent)
5;3;5;E2;Exempcions i bonificacions a l'impost municipal sobre publicitat (No vigent)
5;3;5;E3;Exempcions i bonificacions a l'impost municipal sobre radicació (No vigent)
5;3;5;E4;Exempcions i bonificacions a l'impost municipal sobre solars (No vigent)
5;3;5;E5;Exempcions i bonificacions a tributs o arbitris amb finalitat no fiscal (No vigent)
5;3;5;E6;Llista cobratòria de la contribució d'immobles, conreu i ramaderia (No vigent)
5;3;5;E7;Llista cobratòria de la contribució industrial (No vigent)
5;3;5;E8;Llista cobratòria de la contribució sobre edificis i solars (No vigent)
5;3;5;E9;Llista cobratòria de la contribució territorial (No vigent)
5;3;5;F0;Llista cobratòria de la contribució territorial rústica i pecuària (No vigent)
5;3;5;F1;Llista cobratòria de la contribució territorial urbana (No vigent)
5;3;5;F2;Llista cobratòria de la llicència fiscal (No vigent)
5;3;5;F3;Llista cobratòria de la patent nacional de vehicles (No vigent)
5;3;5;F4;Llista cobratòria de l'impost de cèdules personals (No vigent)
5;3;5;F5;Llista cobratòria de l'impost de consums (No vigent)
5;3;5;F6;Llista cobratòria de l'impost de prestació personal (No vigent)
5;3;5;F7;Llista cobratòria de l'impost d'utilitats (No vigent)
5;3;5;F8;Llista cobratòria de l'impost municipal de circulació de vehicles (*) i de l'impost sobre vehicles de tracció mecànica (No vigent)
5;3;5;F9;Llista cobratòria de l'impost municipal sobre despeses sumptuàries (No vigent)
5;3;5;G0;Llista cobratòria de l'impost municipal sobre publicitat (No vigent)
5;3;5;G1;Llista cobratòria de l'impost municipal sobre radicació (No vigent)
5;3;5;G2;Llista cobratòria de l'impost municipal sobre solars (No vigent)
5;3;5;G3;Llista cobratòria de tributs o arbitris amb finalitat no fiscal (No vigent)
5;3;5;G4;Talons de càrrec (No vigent)
5;3;6;1;Aprovacions d'interessos de demora en pagaments
5;3;6;2;Baixes de contrets d'ingressos
5;3;6;3;Baixes de drets reconeguts
5;3;6;4;Embargaments per deute tributari
5;3;6;5;Execucions forçoses de deutes tributaris
5;3;6;6;Fallits de recaptació
5;3;6;7;Llistes d'executòries
5;3;6;8;Procediments de constrenyiment
5;3;6;9;Relacions certificades de deutors
5;3;6;10;Relacions de valors-certificats de descobert
5;3;6;11;Relacions diàries d'embargament
5;3;6;12;Data-valor (No vigent)
5;3;6;13;Factura-data (No vigent)
5;3;6;14;Plecs de càrrecs dels rebuts passats al recaptador (No vigent)
5;4;1;1;Subvencions rebudes de forma directa
5;4;1;2;Subvencions rebudes en règim de concurrència competitiva
5;4;1;3;Subvencions rebudes per l'ajuntament d'una altra administració (Entrada genèrica)
5;4;2;1;Subvencions atorgades a les entitats de forma directa
5;4;2;2;Subvencions atorgades a les entitats en règim de concurrència competitiva
5;4;2;3;Subvencions atorgades per part de l'ajuntament (Entrada genèrica)
6;1;1;1;Modificacions de les normes de planejament urbanístic
6;1;1;3;Modificacions del Pla d'ordenació urbanística municipal (POUM)
6;1;1;4;Modificacions del Pla general d'ordenació
6;1;1;5;Modificacions del Pla general d'ordenació urbana municipal (PGOUM)
6;1;1;6;Modificacions dels plans directors urbanístics
6;1;1;7;Modificacions dels projectes de delimitació de sòl urbà
6;1;1;9;Pla d'ordenació urbanística municipal (POUM)
6;1;1;10;Pla general d'ordenació urbana municipal (PGOUM)
6;1;1;11;Plans directors urbanístics
6;1;1;13;Revisions / adaptacions de normes subsidiàries i complementàries
6;1;1;14;Revisions de les normes de planejament urbanístic
6;1;1;15;Revisions del Pla d'ordenació urbanística municipal (POUM)
6;1;1;16;Revisions del Pla general d'ordenació urbana municipal (PGOUM)
6;1;1;18;Text refós de normes urbanístiques i planejament general
6;1;2;1;Modificacions dels plans especials urbanístics
6;1;2;2;Pla especial de protecció del patrimoni i catàleg
6;1;2;3;Plans especials abreujats o sumaris
6;1;2;5;Plans especials urbanístics de reforma interior (PERI)
6;1;3;1;Modificacions de plans de millora urbana
6;1;3;2;Plans de millora urbana (PEMU)
6;1;4;1;Modificacions dels programes d'actuació urbanística
6;1;4;2;Programes d'actuació urbanística
6;1;5;1;Avanç del pla parcial de delimitació
6;1;5;2;Modificacions del Pla parcial de delimitació
6;1;5;3;Modificacions dels plans parcials d'ordenació
6;1;5;4;Modificacions dels plans parcials urbanístics
6;1;5;5;Plans d'usos de domini marítimo-terrestre
6;1;5;6;Plans parcials de delimitació
6;1;5;7;Plans parcials d'ordenació (Entrada genèrica)
6;1;5;8;Plans parcials urbanístics
6;1;6;1;Delimitacions de la TUC
6;1;6;2;Modificacions de la TUC
6;1;7;1;Estudis de detall
6;1;7;2;Modificacions dels estudis de detall
6;1;8;1;Aprovacions de determinats projectes de noves activitats i construccions en sòl no urbanitzable
6;1;8;2;Projectes d'actuacions específiques d'interès públic en sòl no urbanitzable
6;1;8;3;Projectes de reconstrucció i rehabilitació de masies i cases rurals en sòl no urbanitzable
6;1;9;1;Modificacions dels projectes d'urbanització bàsics
6;1;9;2;Modificacions dels projectes d'urbanització exeuctius o totals
6;1;9;3;Projectes d'urbanització bàsics
6;1;9;4;Projectes d'urbanització executius o totals
6;1;10;1;Plans directors territorials
6;1;10;2;Plans directors urbanístics supramunicipals
6;1;10;3;Plans territorials de Catalunya
6;2;1;1;Delimitacions de polígons o unitats d'actuació urbanística
6;2;2;1;Canvis de sistema d'actuació
6;2;2;2;Modificacions dels projectes de reparcel·lació i compensació (Entrada genèrica)
6;2;2;3;Reparcel·lacions en modalitat de compensació bàsica
6;2;2;4;Reparcel·lacions en modalitat de compensació per concertació
6;2;2;5;Reparcel·lacions en modalitat de cooperació
6;2;2;6;Reparcel·lacions per sectors d'urbanització prioritària
6;2;2;7;Reparcel·lacions urbanístiques (Entrada genèrica)
6;2;2;8;Reparcel·lacions voluntàries
6;2;3;1;Expropiacions urbanístiques (Entrada genèrica)
6;2;4;1;Ocupacions directes anticipades
6;2;4;2;Ocupacions directes de terrenys (Entrada genèrica)
6;2;4;3;Ocupacions directes per incompliment d'obligació de cessió en zones consolidades
6;3;1;1;Cèdules urbanístiques
6;3;1;2;Certificats d'aprofitament urbanístic
6;3;1;3;Certificats de qualificació urbanística
6;3;2;1;Certificats de compatibilitat urbanística
6;3;3;1;Assenyalaments d'alineacions i rasants
6;3;3;2;Certificats d'alineacions i rasants
6;3;4;1;Certificats cadastrals
6;3;4;2;Dades del Sistema d'Informació Geogràfica (SIG/GIS)
6;3;4;3;Dades meteorològiques
6;3;4;4;Recursos fotogràfics i cartogràfics del terme
6;3;5;1;Denominació dels carrers i espais públics / Nomenclàtor
6;3;5;2;Numeració de vies públiques
6;3;5;3;Relacions de camins del terme (No vigent)
6;4;1;1;Campanyes de sensibilització i foment de la mobilitat
6;4;1;2;Modificacions de plans de mobilitat urbana
6;4;1;3;Plans de mobilitat urbana
6;4;2;2;Autoritzacions de pràctiques de conducció de vehicles
6;4;2;3;Direccionalitat i ordenació del trànsit
6;4;2;4;Expedients informatius sobre acotats de les instal·lacions dels serveis de circulació
6;4;2;5;Registre d'immobilitzacions de vehicles
6;4;2;6;Retirada de vehicles per la grua municipal
6;4;2;8;Permisos de conducció de motocicletes (No vigent)
6;4;2;9;Sol·licituds de circulació de cotxes de cavalls (No vigent)
6;4;3;1;Col·locacions de marquesines i tenderols
6;4;3;2;Llicències i permisos d'ocupació temporal de la via pública (Entrada genèrica)
6;4;3;4;Ocupacions de la via pública per a fires, atraccions i circ
6;4;3;5;Ocupacions de la via pública per a la instal·lació de grua desmuntable
6;4;3;6;Ocupacions de la via pública per a la instal·lació de terrasses
6;4;3;7;Ocupacions de la via pública per a la realització d'obres
6;4;3;8;Ocupacions de la via pública per a la venda de material pirotècnic
6;4;3;10;Ocupacions de la via pública per establiments o parades
6;4;3;11;Ocupacions de la via pública per pintar murals
6;4;3;12;Ocupacions de la via pública per rètols i publicitat
6;4;3;13;Registre de talls de trànsit
6;4;3;14;Talls de carrer
6;4;4;1;Altes de contraguals
6;4;4;2;Altes de guals
6;4;4;4;Modificacions de contraguals (baixes i canvis de dades dels contribuents)
6;4;4;5;Modificacions de guals (baixes i canvis de dades dels contribuents)
6;4;4;6;Renovacions de contraguals
6;4;4;8;Reposicions de plaques de gual
6;4;4;9;Llicències de construcció de guals (No vigent)
6;4;5;1;Sol·licituds de senyalització viària
6;4;5;3;Sol·licituds d'instal·lació, modificació i manteniment de la xarxa semafòrica
6;4;6;1;Sol·licituds d'instal·lació o modificació del mobiliari urbà
6;4;7;1;Gestió de les zones d'estacionament
6;4;7;2;Reserves d'estacionament (Entrada genèrica)
6;4;7;4;Reserves d'estacionament per a persones amb mobilitat reduïda
6;4;7;5;Reserves d'estacionament per obres
6;4;8;1;Estadístiques diàries del transport de viatgers
6;4;8;2;Inspeccions anuals de vehicles del servei de taxi
6;4;8;3;Llicències de taxi
6;4;8;4;Llicències de transport públic de viatgers
6;4;8;5;Permisos de conducció de taxi
6;4;8;6;Reclamacions d'usuaris dels transports públics
6;4;8;7;Registre de llicències del servei de taxi
6;4;8;8;Registre de transport públic
6;4;8;9;Sol·licituds de circulació de transports interurbans
6;4;8;10;Transport públic
6;4;9;1;Expedients sancionadors per ocupació de la via pública
6;5;1;1;Comunicats de treball de la brigada municipal
6;5;1;2;Construcció / manteniment d'abocadors i deixalleries
6;5;1;3;Construcció / manteniment de canalització d'aigües, pous
6;5;1;4;Construcció / manteniment de clavegueram
6;5;1;5;Construcció / manteniment de comunicacions, camins, carreteres, ponts, ports
6;5;1;6;Construcció / manteniment de depuradores i col·lectors
6;5;1;7;Construcció / manteniment de jardins, parcs, arbrat i platges
6;5;1;8;Construcció / manteniment de pavimentació i voreres
6;5;1;9;Construcció / manteniment de telecomunicacions
6;5;1;10;Construcció / manteniment d'electrificació
6;5;1;11;Construcció / manteniment d'enllumenat
6;5;1;12;Construcció / manteniment d'instal·lació de gas
6;5;1;13;Construcció / manteniment d'obres d'infraestructura i urbanització (Entrada genèrica)
6;5;1;14;Control de tasques de manteniment d'infraestructures municipals
6;5;1;15;Construcció / manteniment de fortificacions (No vigent)
6;5;2;1;Construcció / manteniment de centres educatius
6;5;2;2;Construcció / manteniment de la casa de la Vila
6;5;2;3;Construcció / manteniment de l'escorxador municipal
6;5;2;4;Construcció / manteniment d'edificis sanitaris
6;5;2;5;Construcció / manteniment d'edificis socioculturals
6;5;2;6;Construcció / manteniment del casal de gent gran
6;5;2;7;Construcció / manteniment del cementiri municipal
6;5;2;8;Construcció / manteniment d'immobles municipals (Entrada genèrica)
6;5;2;9;Construcció / manteniment d'instal·lacions esportives
6;5;2;10;Control de tasques de manteniment d'immobles municipals i/o d'ús públic
6;6;1;1;Autoritzacions d'obres i usos provisionals
6;6;1;2;Autoritzacions no subjectes a llicència urbanística o a comunicació prèvia
6;6;1;3;Certificats d'antiguitat i legalitat urbanística
6;6;1;4;Comunicacions prèvies per a la col·locació de cartells i tanques de propaganda visibles des de la via pública
6;6;1;5;Comunicacions prèvies per a la primera utilització i ocupació dels edificis
6;6;1;6;Comunicacions prèvies per canvi d'ús dels edificis i les instal·lacions, excepte a ús residencial.
6;6;1;7;Comunicacions prèvies per construcció o instal·lació de murs i tanques
6;6;1;8;Comunicacions urbanístiques (Entrada genèrica)
6;6;1;9;Inspecció i control en matèria urbanística
6;6;1;10;Llicències de segregació
6;6;1;11;Llicències d'obres majors
6;6;1;12;Llicències d'obres menors
6;6;1;13;Llicències d'obres menors en edificis protegits o catalogats
6;6;1;14;Llicències per a construcció d'edificis de nova planta i la intervenció en els edificis ja existents que requereixen l'elaboració d'un projecte tècnic i la demolició total o parcial
6;6;1;15;Llicències per actes en sòl no urbanitzable i urbanitzable no delimitat
6;6;1;16;Llicències per acumulació de residus i el dipòsit de materials que alterin les característiques del paisatge
6;6;1;17;Llicències per canvi dels edificis a un ús residencial.
6;6;1;18;Llicències per constitució o modificació d'un règim de propietat horitzontal, simple o complexa.
6;6;1;19;Llicències per extracció d'àrids i l'explotació de pedreres
6;6;1;21;Llicències per instal·lació d'hivernacles o instal·lacions similars, de murs perimetrals superiors a un metre d'alçària.
6;6;1;22;Llicències per instal·lació d'infraestructures de serveis de col·locació d'antenes o dispositius de telecomunicacions (excepte xarxes públiques de comunicacions electròniques)
6;6;1;23;Llicències per instal·lació d'infraestructures de serveis de sanejament
6;6;1;24;Llicències per instal·lació d'infraestructures de serveis de subministrament d'aigua
6;6;1;25;Llicències per instal·lació d'infraestructures de serveis de subministrament d'energia
6;6;1;26;Llicències per instal·lació d'infraestructures de serveis de telefonia
6;6;1;27;Llicències per intervenció en els béns sotmesos a un règim de protecció patrimonial cultural o urbanística
6;6;1;29;Llicències per obertura, la pavimentació i la modificació de camins rurals
6;6;1;30;Llicències per obres puntuals d'urbanització no incloses en un projecte d'urbanització
6;6;1;31;Llicències per parcel·lacions urbanístiques
6;6;1;32;Llicències per tala de masses arbòries o de vegetació arbustiva
6;6;1;33;Llicències per usos i les obres provisionals.
6;6;1;34;Llicències urbanístiques (Entrada genèrica)
6;6;1;36;Projectes d'habitatges de promoció pública
6;6;1;37;Registre de llicències d'obres particulars
6;6;1;38;Assabentats d'obres (No vigent)
6;6;1;39;Llicències de primera ocupació d'edificis i instal·lacions (No vigent)
6;6;2;1;Ordres d'execució (Entrada genèrica)
6;6;2;3;Ordres d'execució d'obres
6;6;3;1;Declaracions de ruïna
6;6;4;1;Denúncies d'higiene d'habitatges
6;6;4;3;Expedients sancionadors de disciplina urbanística ordinaris
6;6;4;4;Expedients sancionadors en matèria d'urbanisme (Entrada genèrica)
6;6;4;5;Expedients sancionadors greus en matèria d'urbanisme
6;6;4;6;Expedients sancionadors lleus en matèria d'urbanisme
6;6;4;7;Expedients sancionadors molt greus en matèria d'urbanisme
6;6;4;8;Neteja de parcel·les i solars
6;6;4;9;Restabliments de la legalitat urbanística
6;6;4;10;Suspensions d'obres
6;6;5;1;Ajuts per rehabilitar habitatges
6;6;5;2;Campanyes de promoció de la rehabilitació d'habitatges
6;6;5;3;Denúncies de desperfectes en habitatges de protecció oficial
6;6;5;4;Peritatge d'habitatges
6;6;5;5;Reparacions puntuals d'habitatges
7;1;1;1;Pla municipal d'estalvi energètic
7;1;1;2;Plans d'acció ambiental
7;1;1;3;Plans de protecció de l'entorn (Entrada genèrica)
7;1;1;4;Plans especials d'espais d'interés natural (PEIN)
7;1;1;5;Plans tècnics i de millora forestal
7;1;2;1;Activitats d'educació ambiental
7;1;2;2;Campanyes de prevenció d'incendis
7;1;2;3;Campanyes de sensibilització ambiental
7;1;3;1;Autoritzacions per mantenir les franges de seguretat al voltant de xarxes elèctriques o urbanitzacions (tallafocs)
7;1;3;2;Comunicacions de crema (de rostolls i restes vegetals)
7;1;3;3;Concessions d'autorització d'ús privatiu d'horts urbans
7;1;3;4;Declaracions forestals
7;1;3;5;Neteja de cursos d'aigua
7;1;3;6;Neteja de lleres de rius
7;1;3;7;Protecció i control de flora i fauna
7;1;3;8;Qualitat de les aigües i les platges
7;1;3;9;Registre de plantacions forestals
7;1;3;10;Autoritzacions de tala d'arbres i arbusts (No vigent)
7;1;4;1;Aprofitaments de pastures de la muntanya i trànsit de bestiar
7;1;4;2;Autoritzacions d'aprofitament forestal
7;1;4;3;Autoritzacions de caça
7;1;4;4;Autoritzacions per a la recollida de fruits
7;1;4;5;Relacions de fonts del terme municipal
7;1;4;6;Vedats de caça
7;4;1;1;Desinfeccions i desratitzacions
7;4;1;2;Plagues urbanes (Entrada genèrica)
7;4;2;1;Gestió de l'escorxador
7;4;2;2;Cens de vacunació canina (No vigent)
7;4;2;3;Cens i identificació veterinària (No vigent)
7;4;2;4;Comunicats de caps sacrificats (No vigent)
7;4;2;5;Inspeccions veterinàries (No vigent)
7;4;2;6;Llibres de l'estat de caps sacrificats (No vigent)
7;4;2;7;Trasllats ramaders (No vigent)
7;4;2;8;Vacunacions d'animals per a la producció agrícola (No vigent)
7;4;3;1;Anàlisis d'aigua
7;4;3;2;Gestió de la depuradora
7;4;3;3;Permisos de connexió d'aigües residuals a un sistema de sanejament
7;4;4;1;Actes d'inspecció sanitària
7;4;4;2;Comunicats d'inspecció d'aliments
7;4;4;4;Denúncies per infraccions sanitàries
7;4;4;5;Inspeccions sanitàries: piscines, sorrals, torrents, fonts naturals i zones esportives
7;4;4;6;Vigilància de productes de consum
7;4;4;7;Inspeccions de control alimentari (No vigent)
7;4;5;1;Registre i gestió de les dades de contaminació acústica
7;4;5;3;Registre i gestió de les dades de contaminació electromagnètica
7;4;5;4;Registre i gestió de les dades de contaminació lumínica
7;4;6;1;Expedients sancionadors de control alimentari
7;4;6;2;Expedients sancionadors en matèria de salut pública
7;5;1;1;Cens d'animals domèstics
7;5;2;1;Control d'agressions d'animals
7;5;2;2;Extinció d'animals perillosos
7;5;2;3;Llicències de tinença i conducció d'animals potencialment perillosos
7;5;2;4;Registre d'animals potencialment perillosos
7;5;3;1;Gestió de la recollida d'animals abandonats o de mesures alternatives
7;5;3;2;Registre de nuclis zoològics
7;5;4;2;Expedients sancionadors en matèria d'animals (Entrada genèrica)
7;6;1;1;Registre d'activitats
7;6;1;2;Registre de llicències d'activitats industrials (No vigent)
7;6;3;1;Comunicacions prèvies d'obertura d'establiments innocus
7;6;3;2;Declaracions responsables d'obertura d'establiments innocus
7;6;3;3;Llicències d'obertura d'establiments innocus
7;6;3;4;Llicències i comunicacions prèvies d'activitats innòcues i de baix risc (Entrada genèrica)
7;6;3;6;Llicències d'activitats innocues reglamentades (No vigent)
7;6;3;7;Llicències d'activitats no classificades (No vigent)
7;6;3;8;Llicències d'obertura de farmàcies (No vigent)
7;6;4;1;Autoritzacions ambientals (annex I)
7;6;4;2;Comunicacions prèvies ambientals
7;6;4;4;Llicències ambientals (annex II.1, II.2)
7;6;4;5;Llicències i comunicacions prèvies d'activitats amb incidència ambiental (Entrada genèrica)
7;6;4;6;Permisos ambientals (annex III)
7;6;4;7;Llicències ambientals A (No vigent)
7;6;4;8;Llicències ambientals B (No vigent)
7;6;4;9;Llicències d'activitats ambientals (No vigent)
7;6;4;10;Llicències d'activitats classificades (No vigent)
7;6;4;11;Llicències d'activitats comercials (No vigent)
7;6;4;12;Llicències d'activitats industrials (No vigent)
1;15;1;1;Adopció de la bandera del municipi
2;6;1;2;Registre d'apoderaments per representació
2;6;2;1;Inscripcions al Registre d'arxius
2;6;2;2;Inscripcions al Registre de la Propietat de béns immobles i drets reals
2;6;2;3;Inscripcions al Registre de la Propietat intel·lectual
2;6;2;4;Inscripcions al Registre de marques i patents
2;6;2;5;Inscripcions al Registre de museus
2;6;2;6;Inscripcions en el Dipòsit legal
2;6;2;7;Inscripcions en registres oficials (Entrada genèrica)
2;6;3;1;Expedients de responsabilitat civil als quals s'enfronta l'ajuntament
2;6;3;2;Expedients sancionadors greus de procediment general
2;6;3;3;Expedients sancionadors lleus de procediment general
2;6;3;4;Expedients sancionadors molt greus de procediment general
2;6;3;5;Inspecció i control de procediment general
2;6;3;6;Reclamacions de particulars a causa de l'estat de la via pública, els equipaments o el mobiliari
2;6;3;7;Reclamacions de particulars per una actuació negligent d'un treballador o autoritat pública
2;6;3;8;Reclamacions per responsabilitat patrimonial (Entrada genèrica)
2;6;3;9;Recursos administratius a resolucions i dictàmens d'altres administracions
2;6;4;1;Procediments civils
2;6;4;2;Procediments contenciosos administratius
2;6;4;3;Procediments econòmics administratius
2;6;4;4;Procediments penals
2;6;4;5;Procediments socials
6;4;5;2;Sol·licituds d'instal·lació de tanques o fitons
2;8;1;3;Contractació d'obres per procediment obert simplificat sumari
2;8;1;1;Contractacions d'obres (Entrada genèrica)
5;4;1;4;Sol·licituds d'ajuda de caixa (No vigent)
6;1;1;2;Modificacions de les normes subsidiàries i complementàries
2;8;1;4;Contractacions d'obres per procediment negociat amb publicitat
2;8;1;5;Contractacions d'obres per procediment negociat sense publicitat
2;8;1;6;Contractacions d'obres per procediment obert
2;8;1;7;Contractacions d'obres per procediment restringit
6;1;1;8;Normes subsidiàries i complementàries
2;8;1;9;Contractacions menors d'obres
2;8;2;1;Contractacions de concessió d'obra pública (Entrada genèrica)
6;1;1;12;Projectes de delimitació de sòl urbà (PDSU)
2;8;2;3;Contractacions de concessió d'obra pública per procediment amb diàleg competitiu
2;8;2;4;Contractacions de concessió d'obra pública per procediment negociat amb publicitat
2;8;2;5;Contractacions de concessió d'obra pública per procediment negociat sense publicitat
2;8;2;6;Contractacions de concessió d'obra pública per procediment obert
2;8;2;7;Contractacions de concessió d'obra pública per procediment restringit
2;8;3;1;Contractacions de gestió dels serveis públics (Entrada genèrica)
2;8;3;2;Contractacions de gestió dels serveis públics derivades d'acord marc
2;8;3;3;Contractacions de gestió dels serveis públics per procediment amb diàleg competitiu
2;8;3;4;Contractacions de gestió dels serveis públics per procediment negociat amb publicitat
2;8;3;5;Contractacions de gestió dels serveis públics per procediment negociat sense publicitat
2;8;3;6;Contractacions de gestió dels serveis públics per procediment obert
2;8;3;7;Contractacions de gestió dels serveis públics per procediment restringit
2;8;3;8;Contractacions menors de gestió dels serveis públics
2;8;4;1;Contractacions de serveis (Entrada genèrica)
2;8;4;2;Contractacions de serveis derivades d'acord marc
6;1;1;17;Revisions dels plans directors urbanístics
2;8;4;4;Contractacions de serveis per procediment negociat amb publicitat
2;8;4;5;Contractacions de serveis per procediment negociat sense publicitat
2;8;4;6;Contractacions de serveis per procediment obert
2;8;4;7;Contractacions de serveis per procediment restringit
6;1;2;4;Plans especials urbanístics
2;8;4;9;Contractacions menors de serveis
2;8;4;10;Contractacions de consultoria i assistència tècnica (No vigent) (Entrada genèrica)
6;4;2;1;Autoritzacions de circulació a zones restringides
6;4;2;7;Sol·licituds de circulació de vehicles especials
6;4;3;3;Ocupacions de la via pública per a fer rodatges o gravar escenes
6;4;3;9;Ocupacions de la via pública per a realitzar puntualment actes, concentracions o mudances
6;4;4;3;Llicències de guals (Entrada genèrica)
6;4;4;7;Renovacions de guals
2;8;5;1;Contractacions administratives de semàfors
2;8;5;2;Contractacions de subministrament de material inventariable (Entrada genèrica)
2;8;5;3;Contractacions de subministrament de material no inventariable (Entrada genèrica)
2;8;5;4;Contractacions de subministrament derivades d'acord marc
2;8;5;6;Contractacions de subministrament per procediment negociat amb publicitat
2;8;5;7;Contractacions de subministrament per procediment negociat sense publicitat
2;8;5;9;Contractacions de subministrament per procediment restringit
2;8;5;10;Contractacions de subministrament subjectes a un sistema dinàmic d'adquisició
2;8;5;12;Contractacions menors de subministrament
2;8;6;1;Contractacions col·laboratives entre sector públic i sector privat (Entrada genèrica)
2;8;6;2;Contractacions col·laboratives entre sector públic i sector privat per procediment amb diàleg competitiu
2;8;6;3;Contractacions col·laboratives entre sector públic i sector privat per procediment negociat amb publicitat
2;8;6;4;Contractacions col·laboratives entre sector públic i sector privat per procediment negociat sense publicitat
2;8;7;1;Contractacions mixtes (Entrada genèrica)
7;6;8;8;Baixes d'activitats
6;4;7;3;Reserves d'estacionament de càrrega i descàrrega
6;6;1;20;Llicències per instal·lació de cases prefabricades o instal·lacions similars, provisionals o permanents.
6;6;1;28;Llicències per moviments de terra i les esplanacions dels terrenys
6;6;1;35;Permisos d'obres i instal·lacions d'elements ornamentals a les sepultures
6;6;2;2;Ordres d'execució ambientals
6;6;4;2;Expedients sancionadors de disciplina urbanística abreujats
7;4;4;3;Control sanitari d'instal·lacions i equipaments municipals
2;8;9;1;Contractacions d'assegurances
2;8;9;2;Contractacions de préstecs bancaris
7;4;5;2;Registre i gestió de les dades de contaminació atmosfèrica
2;8;9;4;Obertura i tancament de comptes bancaris
5;1;1;1;Plans de sanejament financer
5;1;2;1;Avantprojecte del pressupost
5;1;2;2;Pressupost general
7;5;1;2;Modificacions del cens d'animals domèstics (altes, baixes i canvis de dades)
7;5;4;1;Denúncies sobre animals perillosos
7;6;2;1;Consultes prèvies de classificació de l'activitat
7;6;3;5;Llicències d'activitats innocues no reglamentades (No vigent)
7;6;4;3;Comunicacions prèvies de modificació no substancial d'una activitat amb efectes sobre les persones o el medi ambient
7;6;4;13;Permisos ambientals (No vigent)
5;1;3;1;Habilitacions de crèdit del pressupost general
5;1;3;2;Modificacions de crèdit del pressupost general
5;1;3;3;Modificacions de les bases d'execució del pressupost
5;1;3;4;Reconeixements extrajudicials de crèdt
5;1;3;5;Reintegraments de pressupost corrent
5;1;3;6;Suplements de crèdit del pressupost general
2;8;5;8;Contractacions de subministrament per procediment obert
5;3;5;67;Liquidacions / Autoliquidacions de Padrons de la taxa / Ingressos directes (Entrada genèrica)
5;1;4;1;Compte general de recaptació
5;1;4;2;Compte general del pressupost general
5;1;4;3;Liquidacions del pressupost general
5;1;5;1;Manaments d'ingrés
5;1;5;2;Manaments d'ingrés de valors
5;1;5;3;Manaments d'ingrés extrapressupostaris
5;1;6;1;ADOP
5;1;6;2;Aprovacions de factures
5;1;6;3;Bestretes de caixa fixa
5;1;6;4;Manaments de pagament (Entrada genèrica)
5;1;7;1;Balanços
5;1;7;2;Llibres de balanços
5;1;7;3;Llibres diaris d'operacions del pressupost de despeses
5;1;7;4;Llibres diaris generals de despeses
5;1;7;5;Llibres diaris generals d'ingressos
5;1;7;6;Llibres diaris generals d'operacions
5;1;7;7;Llibres d'intervenció
5;1;7;8;Llibres d'inventaris
5;1;7;9;Llibres d'inventaris i balanços
5;1;7;10;Llibres d'operacions
5;1;7;11;Llibres majors de comptes
5;1;7;12;Llibres majors de conceptes no pressupostaris
5;1;7;13;Llibres registres generals de tresoreria d'ingressos i despeses
5;1;7;14;Registre de factures
5;1;7;15;Registre de manaments de pagament
5;1;7;16;Registre de manaments d'ingrés
5;1;7;17;Registre de recaptació
5;1;7;18;Registre d'ordres de pagament
5;1;7;19;Registre d'ordres de pagament extrapressupostaris
5;1;7;20;Registre d'ordres d'ingrés
5;1;7;21;Registre d'ordres d'ingrés extrapressupostaris
5;1;7;22;Resums comptables
5;1;8;1;Actes d'arqueig
5;1;8;2;Llibres d'actes d'arqueig
5;1;9;1;Càrrecs domiciliats a entitats bancàries
5;1;9;2;Comprovants i extractes bancaris
5;1;9;3;Llibres auxiliars de comptes corrents bancaris
5;1;9;4;Llibretes d'estalvis dels comptes bancaris de l'ajuntament
5;1;9;5;Matrius de talonaris de xecs dels comptes bancaris de l'ajuntament
5;1;9;6;Ordres de domiciliació bancària
5;1;9;7;Transferències bancàries
5;1;10;1;Aletaris (No vigent)
5;1;11;1;Endossaments de certificacions
5;1;11;2;Endossaments de crèdits (cessió de crèdits)
5;1;11;3;Fitxer de proveïdors
5;1;11;4;Fitxes de creditors
5;1;11;5;Gestió de fiances i avals
5;1;11;6;Modificacions del fitxer de proveïdors (altes, baixes i canvis de dades)
5;1;12;1;Liquidacions de deutes amb altres administracions (Entrada genèrica)
5;1;13;1;Participació de tributs de la Generalitat de Catalunya
5;1;13;2;Participació de tributs estatals
5;3;1;1;Alteracions cadastrals
5;3;1;2;Cadastres
5;3;1;3;Canvis de titularitat de l'impost sobre béns immobles (IBI)
5;3;1;4;Declaracions jurades de finques rústiques
5;3;1;5;Fulls declaratoris
5;3;1;6;Impost sobre construccions, instal·lació i obres (ICIO)
5;3;1;7;Impost sobre l'increment de valor dels terrenys de naturalesa urbana (plusvàlua)
5;3;1;8;Matrícules de l'impost d'activitats econòmiques (IAE)
5;3;1;9;Modificacions del padró de l'impost d'activitats econòmiques (IAE) (altes, baixes i canvis de dades dels contribuents)
5;3;1;10;Modificacions del padró de l'impost municipal de circulació de vehicles (*) i de l'impost sobre vehicles de tracció mecànica (altes, baixes i canvis de dades dels contribuents)
5;3;1;11;Modificacions del padró de l'impost sobre béns immobles rústics (altes, baixes i canvis de dades dels contribuents)
5;3;1;12;Modificacions del padró de l'impost sobre béns immobles urbans (IBI) (altes, baixes i canvis de dades dels contribuents)
5;3;1;14;Padrons d'agrupació de tributs
5;3;1;15;Padrons de l'impost d'activitats econòmiques (IAE)
5;3;1;16;Padrons de l'impost de béns immobles d'urbana (IBI)
5;3;1;17;Padrons de l'impost de béns immobles rústics
5;3;1;18;Padrons de l'impost municipal de circulació de vehicles (*) i de l'impost sobre vehicles de tracció mecànica
5;3;1;20;Reclamacions i recursos a l'impost d'activitats econòmiques (IAE)
5;3;1;21;Reclamacions i recursos a l'impost de vehicles de tracció mecànica
5;3;1;22;Reclamacions i recursos a l'impost sobre béns immobles (IBI)
5;3;1;23;Reclamacions i recursos a l'impost sobre l'increment del valor dels terrenys urbans
5;3;1;24;Rectificacions a l'impost d'activitats econòmiques (IAE)
5;3;1;25;Rectificacions a l''impost municipal de circulació de vehicles (*) i de l'impost sobre vehicles de tracció mecànica
5;3;1;26;Rectificacions a l'impost sobre béns immobles (IBI)
5;3;1;27;Recursos de gestió tributària (Entrada genèrica)
5;3;1;28;Registre de solars sense edificar
5;3;1;29;Registre d'expedients de l'impost sobre l'increment de valor dels terrenys de naturalesa urbana (plusvàlua)
5;3;1;30;Revisions cadastrals
5;3;1;31;Transferències de vehicles en relació amb el padró de l'impost sobre vehicles de tracció mecànica
5;3;2;1;Drets, taxes i preus públics (Entrada genèrica)
5;3;5;1;Exempcions i bonificacions de taxes i preus públics (Entrada genèrica)
5;3;2;2;Modificacions del padró de la taxa de consum elèctric (altes, baixes i canvis de dades dels contribuents)
5;3;2;3;Modificacions del padró de la taxa de distribució d'aigua, gas i electricitat (altes, baixes i canvis de dades dels contribuents)
5;3;2;4;Modificacions del padró de la taxa de guarderia rural (altes, baixes i canvis de dades dels contribuents)
5;3;2;5;Modificacions del padró de la taxa de rodatge i arrossegament de vehicles que no estiguin gravats per l'impost de vehicles de tracció mecànica (altes, baixes i canvis de dades dels contribuents)
5;3;2;6;Modificacions del padró de la taxa de trànsit d'animals (altes, baixes i canvis de dades dels contribuents)
5;3;2;7;Modificacions del padró de la taxa del servei de conservació de cementiris (altes, baixes i canvis de dades dels contribuents)
5;3;2;8;Modificacions del padró de la taxa del servei de prevenció i extinció d'incendis (altes, baixes i canvis de dades dels contribuents)
5;3;2;9;Modificacions del padró de la taxa d'ensenyaments especials (altes, baixes i canvis de dades dels contribuents)
5;3;2;10;Modificacions del padró de la taxa d'inspecció de vehicles, calderes de vapor, motors, transformadors, ascensors, muntacàrregues (altes, baixes i canvis de dades dels contribuents)
5;3;2;11;Modificacions del padró de la taxa pel servei de clavegueram (altes, baixes i canvis de dades dels contribuents)
5;3;2;12;Modificacions del padró de la taxa pel servei de recollida d'escombraries (altes, baixes i canvis de dades dels contribuents)
5;3;2;13;Modificacions del padró de la taxa sobre elements constructius tancats, terrasses, balcons (altes, baixes i canvis de dades dels contribuents)
5;3;2;14;Modificacions dels padrons de taxes i preus públics (altes, baixes i canvis de dades dels contribuents) (Entrada genèrica)
5;3;2;16;Padrons de la taxa d'assistència i estància en residències de gent gran, escoles bressol o albergs
5;3;2;17;Taxa d'atorgament de llicències d'obertura d'establiments
5;3;2;18;Taxa d'atorgament de llicències urbanístiques
5;3;2;19;Taxa d'autorització per utilitzar plaques, patents i altres distintius similars, l'escut municipal
5;3;2;21;Taxa de cases de bany, piscines, dutxes i instal·lacions esportives
5;3;2;22;Taxa de col·locació de canalitzacions o fils conductors
5;3;2;23;Taxa de col·locació de tarimes i tribunes en terrenys públics
5;3;2;24;Taxa de concessió de llicències i autorització administratives d'autotaxi i altres vehicles de lloguer
5;3;2;25;Taxa de construcció en carreteres, camins veïnals i altres vies públiques locals de passos sobre cunetes per a vehicles de qualsevol classe
5;3;2;26;Taxa de construcció en terrenys d'us públic de pous de neu o de cisternes
5;3;2;28;Taxa de dipòsit i aparells distribuïdors de combustible i en general de qualsevol article o mercaderies en terrenys d'us públic
5;3;2;31;Taxa de murs de contenció o sosteniment de terres, edificacions o tanques en vies públiques
5;3;2;32;Taxa de portades, aparadors i vitrines
5;3;2;33;Taxa de rails, pals, cables, bàscules, aparells per a la venda automàtica i altres similars que se estableixin sobre la via pública
5;3;2;34;Taxa de realització d'activitats de regulació i control del trànsit urbà, per facilitar la circulació de vehicles i distintes a les habituals de senyalització
5;3;2;35;Padrons de la taxa de rodatge i arrossegament de vehicles que no estiguin gravats per l'impost de vehicles de tracció mecànica
5;3;2;37;Taxa de veu pública
5;3;2;38;Taxa de vigilància especial d'establiments
5;3;2;39;Taxa de visites a museus, exposicions, biblioteques, monuments històrics o artístics i parcs zoològics
5;3;2;40;Padrons de la taxa del servei de clavegueram
5;3;2;41;Padrons de la taxa del servei de conservació de cementiris
5;3;2;42;Taxa del servei de prevenció i extinció d'incendis
5;3;2;43;Padrons de la taxa del servei de recollida d'escombraries
5;3;2;44;Taxa del servei de sanitat preventiva, desinfecció, desinsectació o desratització
5;3;2;46;Taxa del servei d'inspecció sanitària, anàlisi químics i bacteriològics
5;3;2;47;Taxa dels documents que expedeix l'administració o les autoritats municipals a instància de la part
5;3;2;48;Taxa dels serveis de competència municipal que siguin especialment motivats per a la celebració d'espectacles públics, grans transports o pas de caravanes
5;3;2;49;Padrons de la taxa d'ensenyaments especials
5;3;2;50;Padrons de la taxa d'entrada de vehicles a través de les voreres i la reserva de la via pública per aparcaments o operacions de càrrega i descàrrega
5;3;2;51;Padrons de la taxa d'estacionament de vehicles de tracció mecànica a les vies municipals dins de zones determinades i amb les limitacions que es puguessin establir
5;3;2;52;Taxa d'extracció de sorra i altres materials de construcció en terrenys públics
5;3;2;53;Padrons de la taxa d'inspecció de vehicles, calderes de vapor, motors, transformadors, ascensors, muntacàrregues
5;3;2;54;Taxa d'instal·lació d'anuncis ocupant terrenys d'us públic o visibles des de carreteres i camins veïnals
5;3;2;55;Taxa d'instal·lació de portades, barraques, llocs de venda, espectacles o atraccions situades en terrenys d'us públic
5;3;2;56;Taxa d'instal·lació de quioscs a la via pública
5;3;2;57;Taxa d'obertura de sondatges
5;3;2;58;Taxa d'ocupació de terrenys d'ús públic amb mercaderies, materials de construcció o runes
5;3;2;59;Taxa d'ocupació de terrenys d'ús públic per a taules i cadires amb finalitat lucrativa
5;3;2;60;Taxa d'utilització de columnes, rètols i altres instal·lacions anàlogues per exhibició d'anuncis
5;3;2;61;Padrons de la taxa sobre elements constructius tancats, terrasses, balcons
5;3;2;62;Padrons de taxes i preus públics (Entrada genèrica)
5;3;2;63;Reclamacions i recursos a la taxa d'assistència i estància en hospitals municipals
5;3;2;64;Reclamacions i recursos a la taxa d'assistència i estància en residències de gent gran, escoles bressol o albergs
5;3;2;65;Reclamacions i recursos a la taxa d'atorgament de llicències d'obertura d'establiments
5;3;2;66;Reclamacions i recursos a la taxa d'atorgament de llicències urbanístiques
5;3;2;67;Reclamacions i recursos a la taxa d'autorització per utilitzar plaques, patents i altres distintius similars, l'escut municipal
5;3;2;68;Reclamacions i recursos a la taxa de balnearis
5;3;2;69;Reclamacions i recursos a la taxa de cases de bany, piscines, dutxes i instal·lacions esportives
5;3;4;1;Expedients sancionadors per infraccions tributàries
5;3;4;2;Inspeccions tributàries
5;3;5;2;Anul·lacions de rebuts
5;3;5;3;Baixes de drets
5;3;5;4;Baixes de rebuts
5;3;5;5;Càrrecs i dates
5;3;5;6;Compensancions de deutes
5;3;5;7;Comunicacions de recaptació de tributs i sancions (per part de tercers)
5;3;5;8;Devolucions d'ingressos indeguts (Entrada genèrica)
5;3;5;9;Diaris de caixa de recaptació
5;3;5;10;Exempcions i bonificacions a la taxa d'assistència i estància en hospitals municipals
5;3;5;11;Exempcions i bonificacions a la taxa d'assistència i estància en residències de gent gran, escoles bressol o albergs
5;3;5;12;Exempcions i bonificacions a la taxa d'atorgament de llicències d'obertura d'establiments
5;3;5;13;Exempcions i bonificacions a la taxa d'atorgament de llicències urbanístiques
5;3;2;70;Reclamacions i recursos a la taxa de col·locació de canalitzacions o fils conductors
5;3;2;71;Reclamacions i recursos a la taxa de col·locació de tarimes i tribunes en terrenys públics
5;3;2;72;Reclamacions i recursos a la taxa de concessió de llicències i autorització administratives d'autotaxi i altres vehicles de lloguer
5;3;2;73;Reclamacions i recursos a la taxa de construcció en carreteres, camins veïnals i altres vies públiques locals de passos sobre cunetes per a vehicles de qualsevol classe
5;3;2;74;Reclamacions i recursos a la taxa de construcció en terrenys d'us públic de pous de neu o de cisternes
5;3;2;75;Reclamacions i recursos a la taxa de consum elèctric
5;3;2;76;Reclamacions i recursos a la taxa de dipòsit i aparells distribuïdors de combustible i en general de qualsevol article o mercaderies en terrenys d'us públic
5;3;2;77;Reclamacions i recursos a la taxa de distribució d'aigua, gas i electricitat
5;3;2;79;Reclamacions i recursos a la taxa de murs de contenció o sosteniment de terres, edificacions o tanques en vies públiques
5;3;2;80;Reclamacions i recursos a la taxa de portades, aparadors i vitrines
5;3;2;81;Reclamacions i recursos a la taxa de rails, pals, cables, bàscules, aparells per a la venda automàtica i altres similars que se estableixin sobre la via pública
5;3;2;82;Reclamacions i recursos a la taxa de realització d'activitats de regulació i control del trànsit urbà, per facilitar la circulació de vehicles i distintes a les habituals de senyalització
5;3;2;83;Reclamacions i recursos a la taxa de rodatge i arrossegament de vehicles que no estiguin gravats per l'impost de vehicles de tracció mecànica
5;3;2;84;Reclamacions i recursos a la taxa de trànsit d'animals
5;3;2;85;Reclamacions i recursos a la taxa de veu pública
5;3;2;86;Reclamacions i recursos a la taxa de vigilància especial d'establiments
5;3;2;87;Reclamacions i recursos a la taxa de visites a museus, exposicions, biblioteques, monuments històrics o artístics i parcs zoològics
5;3;2;88;Reclamacions i recursos a la taxa del servei de clavegueram
5;3;2;89;Reclamacions i recursos a la taxa del servei de conservació de cementiris
5;3;2;90;Reclamacions i recursos a la taxa del servei de prevenció i extinció d'incendis
5;3;2;91;Reclamacions i recursos a la taxa del servei de recollida d'escombraries
5;3;2;92;Reclamacions i recursos a la taxa del servei de sanitat preventiva, desinfecció, desinsectació o desratització
5;3;2;93;Reclamacions i recursos a la taxa del servei d'escorxador
5;3;2;94;Reclamacions i recursos a la taxa del servei d'inspecció sanitària, anàlisi químics i bacteriològics
5;3;2;95;Reclamacions i recursos a la taxa dels documents que expedeix l'administració o les autoritats municipals a instància de la part
5;3;2;96;Reclamacions i recursos a la taxa dels serveis de competència municipal que siguin especialment motivats per a la celebració d'espectacles públics, grans transports o pas de caravanes
5;3;2;97;Reclamacions i recursos a la taxa d'ensenyaments especials
5;3;2;98;Reclamacions i recursos a la taxa d'entrada de vehicles a través de les voreres i la reserva de la via pública per aparcaments o operacions de càrrega i descàrrega
5;3;2;99;Reclamacions i recursos a la taxa d'estacionament de vehicles de tracció mecànica a les vies municipals dins de zones determinades i amb les limitacions que es puguessin establir
5;3;2;A0;Reclamacions i recursos a la taxa d'extracció de sorra i altres materials de construcció en terrenys públics
5;3;2;A1;Reclamacions i recursos a la taxa d'inspecció de vehicles, calderes de vapor, motors, transformadors, ascensors, muntacàrregues
5;3;2;A2;Reclamacions i recursos a la taxa d'instal·lació d'anuncis ocupant terrenys d'us públic o visibles des de carreteres i camins veïnals
5;3;2;A3;Reclamacions i recursos a la taxa d'instal·lació de portades, barraques, llocs de venda, espectacles o atraccions situades en terrenys d'us públic
5;3;2;A4;Reclamacions i recursos a la taxa d'instal·lació de quioscs a la via pública
5;3;2;A6;Reclamacions i recursos a la taxa d'ocupació de terrenys d'ús públic amb mercaderies, materials de construcció o runes
5;3;2;A7;Reclamacions i recursos a la taxa d'ocupació de terrenys d'ús públic per a taules i cadires amb finalitat lucrativa
5;3;2;A8;Reclamacions i recursos a la taxa d'utilització de columnes, rètols i altres instal·lacions anàlogues per exhibició d'anuncis
5;3;2;A9;Reclamacions i recursos a la taxa sobre elements constructius tancats, terrasses, balcons
5;3;2;B0;Reclamacions i recursos a les taxes o als preus públics per la utilització privativa o l'aprofitament especial de béns públics i per la prestació de serveis o realització d'activitats
5;3;2;B1;Reclamacions i recursos a taxes i preus públics (Entrada genèrica)
5;3;3;1;Imposicions de contribucions especials
5;3;3;2;Imposicions de quotes d'urbanització
5;3;5;14;Exempcions i bonificacions a la taxa d'autorització per utilitzar plaques, patents i altres distintius similars, l'escut municipal
5;3;5;15;Exempcions i bonificacions a la taxa de balnearis
5;3;5;16;Exempcions i bonificacions a la taxa de cases de bany, piscines, dutxes i instal·lacions esportives
5;3;5;17;Exempcions i bonificacions a la taxa de col·locació de canalitzacions o fils conductors
5;3;5;18;Exempcions i bonificacions a la taxa de col·locació de tarimes i tribunes en terrenys públics
5;3;5;19;Exempcions i bonificacions a la taxa de concessió de llicències i autorització administratives d'autotaxi i altres vehicles de lloguer
5;3;5;20;Exempcions i bonificacions a la taxa de construcció en carreteres, camins veïnals i altres vies públiques locals de passos sobre cunetes per a vehicles de qualsevol classe
5;3;5;21;Exempcions i bonificacions a la taxa de construcció en terrenys d'us públic de pous de neu o de cisternes
5;3;5;22;Exempcions i bonificacions a la taxa de consum elèctric
5;3;5;23;Exempcions i bonificacions a la taxa de dipòsit i aparells distribuïdors de combustible i en general de qualsevol article o mercaderies en terrenys d'us públic
5;3;5;24;Exempcions i bonificacions a la taxa de distribució d'aigua, gas i electricitat
5;3;5;25;Exempcions i bonificacions a la taxa de guarderia rural
5;3;5;26;Exempcions i bonificacions a la taxa de murs de contenció o sosteniment de terres, edificacions o tanques en vies públiques
5;3;5;27;Exempcions i bonificacions a la taxa de portades, aparadors i vitrines
5;3;5;28;Exempcions i bonificacions a la taxa de rails, pals, cables, bàscules, aparells per a la venda automàtica i altres similars que se estableixin sobre la via pública
5;3;5;29;Exempcions i bonificacions a la taxa de realització d'activitats de regulació i control del trànsit urbà, per facilitar la circulació de vehicles i distintes a les habituals de senyalització
5;3;5;30;Exempcions i bonificacions a la taxa de rodatge i arrossegament de vehicles que no estiguin gravats per l'impost de vehicles de tracció mecànica
5;3;5;31;Exempcions i bonificacions a la taxa de trànsit d'animals
5;3;5;32;Exempcions i bonificacions a la taxa de veu pública
5;3;5;33;Exempcions i bonificacions a la taxa de vigilància especial d'establiments
5;3;5;34;Exempcions i bonificacions a la taxa de visites a museus, exposicions, biblioteques, monuments històrics o artístics i parcs zoològics
5;3;5;35;Exempcions i bonificacions a la taxa del servei de conservació de cementiris
5;3;5;36;Exempcions i bonificacions a la taxa del servei de prevenció i extinció d'incendis
5;3;5;37;Exempcions i bonificacions a la taxa del servei de sanitat preventiva, desinfecció, desinsectació o desratització
5;3;5;38;Exempcions i bonificacions a la taxa del servei d'escorxador
5;3;5;39;Exempcions i bonificacions a la taxa del servei d'inspecció sanitària, anàlisi químics i bacteriològics
5;3;5;40;Exempcions i bonificacions a la taxa dels documents que expedeix l'administració o les autoritats municipals a instància de la part
5;3;5;41;Exempcions i bonificacions a la taxa dels serveis de competència municipal que siguin especialment motivats per a la celebració d'espectacles públics, grans transports o pas de caravanes
5;3;5;42;Exempcions i bonificacions a la taxa d'ensenyaments especials
5;3;5;43;Exempcions i bonificacions a la taxa d'entrada de vehicles a través de les voreres i la reserva de la via pública per aparcaments o operacions de càrrega i descàrrega
5;3;5;44;Exempcions i bonificacions a la taxa d'estacionament de vehicles de tracció mecànica a les vies municipals dins de zones determinades i amb les limitacions que es puguessin establir
5;3;5;45;Exempcions i bonificacions a la taxa d'extracció de sorra i altres materials de construcció en terrenys públics
5;3;5;46;Exempcions i bonificacions a la taxa d'inspecció de vehicles, calderes de vapor, motors, transformadors, ascensors, muntacàrregues
5;3;5;47;Exempcions i bonificacions a la taxa d'instal·lació d'anuncis ocupant terrenys d'us públic o visibles des de carreteres i camins veïnals
5;3;5;48;Exempcions i bonificacions a la taxa d'instal·lació de portades, barraques, llocs de venda, espectacles o atraccions situades en terrenys d'us públic
5;3;5;49;Exempcions i bonificacions a la taxa d'instal·lació de quioscs a la via pública
5;3;5;50;Exempcions i bonificacions a la taxa d'obertura de sondatges
5;3;5;51;Exempcions i bonificacions a la taxa d'ocupació de terrenys d'ús públic amb mercaderies, materials de construcció o runes
5;3;5;52;Exempcions i bonificacions a la taxa d'ocupació de terrenys d'ús públic per a taules i cadires amb finalitat lucrativa
5;3;5;53;Exempcions i bonificacions a la taxa d'utilització de columnes, rètols i altres instal·lacions anàlogues per exhibició d'anuncis
5;3;5;54;Exempcions i bonificacions a la taxa pel servei de clavegueram
5;3;5;55;Exempcions i bonificacions a la taxa pel servei de recollida d'escombraries
5;3;5;56;Exempcions i bonificacions a la taxa sobre elements constructius tancats, terrasses, balcons
5;3;5;57;Exempcions i bonificacions a les taxes dels preus públics per la utilització privativa o l'aprofitament especial de béns públics i per la prestació de serveis o realització d'activitats
5;3;5;58;Exempcions i bonificacions a l'impost d'activitats econòmiques (IAE)
5;3;5;59;Exempcions i bonificacions a l'impost de béns immobles d'urbana (IBI)
5;3;5;60;Exempcions i bonificacions a l'impost de béns immobles rústics
5;3;5;61;Exempcions i bonificacions d'impostos i taxes (Entrada genèrica)
5;3;5;62;Fraccionaments i/o ajornaments de deutes tributaris (Entrada genèrica)
5;3;5;63;Gestió i control de vals de menjador
5;3;5;64;Liquidacions / Autoliquidacions de l'impost d'activitats econòmiques (IAE)
5;3;5;65;Liquidacions / Autoliquidacions de l'impost sobre béns immobles (IBI)
5;3;5;66;Liquidacions / Autoliquidacions de l'IVTM
5;3;5;68;Liquidacions de recaptació de tributs
5;3;5;69;Liquidacions i notificacions de l'impost sobre l'increment de valor dels terrenys de naturalesa urbana (plusvàlua)
5;3;5;70;Liquidacions i notificacions de recollida d'escombraries
5;3;5;71;Liquidacions i notificacions tributàries per ingrés directe
5;3;5;72;Llibres de comptes corrents de recaptació en període executiu
5;3;5;73;Llibres de comptes corrents de recaptació en període voluntari
5;3;5;74;Llista cobratòria de la taxa d'assistència i estància en hospitals municipals
5;3;5;75;Llista cobratòria de la taxa d'assistència i estància en residències de gent gran, escoles bressol o albergs
5;3;5;76;Llista cobratòria de la taxa d'atorgament de llicències d'obertura d'establiments
5;3;5;77;Llista cobratòria de la taxa d'atorgament de llicències urbanístiques
5;3;5;78;Llista cobratòria de la taxa d'autorització per utilitzar plaques, patents i altres distintius similars, l'escut municipal
5;3;5;79;Llista cobratòria de la taxa de balnearis
5;3;5;80;Llista cobratòria de la taxa de cases de bany, piscines, dutxes i instal·lacions esportives
5;3;5;81;Llista cobratòria de la taxa de col·locació de canalitzacions o fils conductors
5;3;5;82;Llista cobratòria de la taxa de col·locació de tarimes i tribunes en terrenys públics
5;3;5;83;Llista cobratòria de la taxa de concessió de llicències i autorització administratives d'autotaxi i altres vehicles de lloguer
5;3;5;84;Llista cobratòria de la taxa de construcció en carreteres, camins veïnals i altres vies públiques locals de passos sobre cunetes per a vehicles de qualsevol classe
5;3;5;85;Llista cobratòria de la taxa de construcció en terrenys d'us públic de pous de neu o de cisternes
5;3;5;86;Llista cobratòria de la taxa de consum elèctric
5;3;5;87;Llista cobratòria de la taxa de dipòsit i aparells distribuïdors de combustible i en general de qualsevol article o mercaderies en terrenys d'us públic
5;3;5;88;Llista cobratòria de la taxa de distribució d'aigua, gas i electricitat
5;3;5;89;Llista cobratòria de la taxa de guarderia rural
5;3;5;90;Llista cobratòria de la taxa de murs de contenció o sosteniment de terres, edificacions o tanques en vies públiques
5;3;5;91;Llista cobratòria de la taxa de portades, aparadors i vitrines
5;3;5;92;Llista cobratòria de la taxa de rails, pals, cables, bàscules, aparells per a la venda automàtica i altres similars que se estableixin sobre la via pública
5;3;5;93;Llista cobratòria de la taxa de realització d'activitats de regulació i control del trànsit urbà, per facilitar la circulació de vehicles i distintes a les habituals de senyalització
5;3;5;94;Llista cobratòria de la taxa de rodatge i arrossegament de vehicles que no estiguin gravats per l'impost de vehicles de tracció mecànica
5;3;5;95;Llista cobratòria de la taxa de trànsit d'animals
5;3;5;96;Llista cobratòria de la taxa de veu pública
5;3;5;97;Llista cobratòria de la taxa de vigilància especial d'establiments
5;3;5;98;Llista cobratòria de la taxa de visites a museus, exposicions, biblioteques, monuments històrics o artístics i parcs zoològics
5;3;5;99;Llista cobratòria de la taxa del servei de clavegueram
5;3;5;A0;Llista cobratòria de la taxa del servei de conservació de cementiris
5;3;5;A1;Llista cobratòria de la taxa del servei de prevenció i extinció d'incendis
5;3;5;A2;Llista cobratòria de la taxa del servei de recollida d'escombraries
5;3;5;A3;Llista cobratòria de la taxa del servei de sanitat preventiva, desinfecció, desinsectació o desratització
5;3;5;A4;Llista cobratòria de la taxa del servei d'escorxador
5;3;5;A5;Llista cobratòria de la taxa del servei d'inspecció sanitària, anàlisi químics i bacteriològics
5;3;5;A6;Llista cobratòria de la taxa dels documents que expedeix l'administració o les autoritats municipals a instància de la part
5;3;5;A7;Llista cobratòria de la taxa dels serveis de competència municipal que siguin especialment motivats per a la celebració d'espectacles públics, grans transports o pas de caravanes
5;3;5;A8;Llista cobratòria de la taxa d'ensenyaments especials
5;3;5;A9;Llista cobratòria de la taxa d'entrada de vehicles a través de les voreres i la reserva de la via pública per aparcaments o operacions de càrrega i descàrrega
5;3;5;B0;Llista cobratòria de la taxa d'estacionament de vehicles de tracció mecànica a les vies municipals dins de zones determinades i amb les limitacions que es puguessin establir
5;3;5;B1;Llista cobratòria de la taxa d'extracció de sorra i altres materials de construcció en terrenys públics
5;3;5;B2;Llista cobratòria de la taxa d'inspecció de vehicles, calderes de vapor, motors, transformadors, ascensors, muntacàrregues
5;3;5;B3;Llista cobratòria de la taxa d'instal·lació d'anuncis ocupant terrenys d'us públic o visibles des de carreteres i camins veïnals
5;3;5;B4;Llista cobratòria de la taxa d'instal·lació de portades, barraques, llocs de venda, espectacles o atraccions situades en terrenys d'us públic
5;3;5;B5;Llista cobratòria de la taxa d'instal·lació de quioscs a la via pública
5;3;5;B6;Llista cobratòria de la taxa d'obertura de sondatges
5;3;5;B7;Llista cobratòria de la taxa d'ocupació de terrenys d'ús públic amb mercaderies, materials de construcció o runes
5;3;5;B8;Llista cobratòria de la taxa d'ocupació de terrenys d'ús públic per a taules i cadires amb finalitat lucrativa
5;3;5;B9;Llista cobratòria de la taxa d'utilització de columnes, rètols i altres instal·lacions anàlogues per exhibició d'anuncis
5;3;5;C0;Llista cobratòria de la taxa sobre elements constructius tancats, terrasses, balcons
5;3;5;C1;Llista cobratòria de l'impost d'activitats econòmiques (IAE)
5;3;5;C2;Llista cobratòria de l'impost de béns immobles d'urbana (IBI)
5;3;5;C3;Llista cobratòria de l'impost de béns immobles rústics
5;3;5;C4;Llistes cobratòries (Entrada genèrica)
5;3;5;C5;Relacions d'exempció o bonificació al pagament de l'impost d'activitats econòmiques (IAE)
5;3;5;C6;Relacions d'exempció o bonificació al pagament de l'impost sobre béns immobles (IBI)
5;3;5;C7;Relacions d'exempció o bonificació al pagament d'impostos i taxes (Entrada genèrica)
7;6;5;1;Comunicacions prèvies de modificació no substancial d'un establiment i/o un espectacle o activitat recreativa
7;6;5;2;Comunicacions prèvies d'establiments fixos oberts al públic, d'espectacles públics i activitats recreatives ordinàries
7;6;5;3;Comunicacions prèvies d'establiments no permanents desmuntables
7;6;5;4;Comunicacions prèvies per a espectacles públics o activitats recreatives de caràcter extraordinari
7;6;5;5;Llicències i comunicacions prèvies d'establiments, espectacles i activitats amb finalitats recreatives (Entrada genèrica)
7;6;5;6;Llicències municipals d'establiments fixos oberts al públic, d'espectacles públics i activitats recreatives ordinàries
7;6;5;7;Llicències municipals d'establiments oberts al públic de règim especial
7;6;5;8;Llicències municipals per a espectacles públics o activitats recreatives de caràcter extraordinari
7;6;6;1;Comunicacions prèvies d'habitatges d'ús turístic
7;6;6;2;Llicències i comunicacions prèvies d'habitatges d'ús turístic (Entrada genèrica)
7;6;7;1;Comunicacions prèvies d'obertura i ús de centres de culte
7;6;7;2;Llicències i comunicacions prèvies d'obertura i ús de centres de culte
7;6;7;3;Llicències municipals d'obertura i ús de centres de culte
7;6;8;1;Canvis de titularitat d'activitats
7;6;9;1;Actualitzacions d'activitats
7;6;9;2;Correccions de deficiències d'activitats
7;6;9;3;Verificació i control d'activitats (Entrada genèrica)
7;6;10;1;Denúncies d'activitats
7;6;10;2;Expedients sancionadors greus en matèria d'activitats econòmiques i recreatives
7;6;10;3;Expedients sancionadors lleus en matèria d'activitats econòmiques i recreatives
7;6;10;4;Expedients sancionadors molt greus en matèria d'activitats econòmiques i recreatives
7;6;10;5;Infraccions ambientals
7;6;10;6;Infraccions d'activitats recreatives
7;6;10;7;Suspensions i clausures d'activitats
7;6;10;8;Infraccions d'activitats molestes i indústries clandestines (No vigent)
8;2;1;1;Censos, estadístiques i declaracions agropecuàries
8;2;1;2;Padrons d'agricultors i ramaders
8;2;1;3;Registre d'explotacions ramaderes
8;2;1;4;Declaracions i autoritzacions de collites i existències (No vigent)
8;2;1;5;Interrogatoris sobre collites (No vigent)
8;2;2;1;Foment i millora del regatge
8;2;2;2;Campanyes de l'oli (No vigent)
8;2;2;3;Campanyes del blat (No vigent)
8;2;3;1;Danys a l'agricultura per plagues o fenòmens meteorològics adversos
8;2;4;1;Organització d'eleccions a organitzacions professionals agràries
8;2;4;2;Organització d'eleccions a cambres agràries (No vigent)
8;3;1;1;Calendaris comercials
8;3;1;2;Campanyes de política comercial
8;3;1;3;Concessions d'horaris especials
8;3;1;4;Horaris comercials
8;3;1;5;Plans i programes de política comercial
8;3;2;1;Adjudicacions de l'autorització d'explotació de locals de mercats municipals
8;3;2;2;Autoritzacions de magatzems i cambres frigorífiques
8;3;2;3;Baixes i modificacions de parades dels mercats ambulants
8;3;2;4;Baixes i modificacions de parades dels mercats municipals
8;3;2;5;Canvis de titularitat de l'autorització d'explotació de locals de mercats municipals
8;3;2;6;Concessions de parades als mercats municipals
8;3;2;7;Concessions i renovacions de parades als mercats ambulants
8;3;2;8;Embargaments i traves sobre autoritzacions d'explotació de locals municipals
8;3;2;9;Gestió dels mercats municipals
8;3;2;10;Modificacions de l'autorització d'explotació de locals de mercats municipals
8;3;2;12;Registre de concessions administratives de mercats municipals
8;3;2;13;Renúncies de la concessió de parades a mercats municipals
8;3;2;14;Subrogacions de parades dels mercats municipals
8;3;2;15;Trasllats de parades dels mercats ambulants
8;3;2;16;Llibres del mostassaf (No vigent)
8;3;2;17;Relacions de pesos i mesures (No vigent)
8;3;3;2;Organització de mostres sectorials
8;3;4;1;Expedients sancionadors en matèria de mercats ambulants
8;3;4;2;Expedients sancionadors en matèria de mercats municipals
8;4;2;1;Accés als serveis del viver d'empreses
8;4;2;2;Activitats per al suport i la dinamització de l'empresa
8;4;2;3;Cursos de formació per a empreses
8;4;2;5;Informació i assessorament a empreses
8;4;3;1;Activitats per al suport i la dinamització turística
8;4;3;2;Promoció turística (Entrada genèrica)
8;4;4;1;Activitats per al suport i la dinamització de la formació i l'ocupació
8;4;4;2;Cursos de formació i reciclatge laboral
8;4;4;3;Gestió de les ofertes de treball
8;4;4;4;Inserció i orientació laboral
8;4;4;5;Tallers ocupacionals
8;4;4;7;Cens d'obrers (No vigent)
8;4;5;1;Administració de la botiga del blat (No vigent)
8;4;5;3;Emissions de moneda republicana (No vigent)
8;4;5;4;Expedients del Pòsit (No vigent)
8;4;5;5;Taula de canvi (No vigent)
9;1;1;1;Fulls d'inscripció familiar del padró municipal d'habitants
9;1;1;2;Padrons municipals d'habitants
9;1;1;4;Registre d'altes del padró municipal d'habitants
9;1;1;5;Registre de baixes del padró municipal d'habitants
9;1;1;6;Registre de canvis de domicili del padró municipal d'habitants
9;1;1;7;Revisions anuals del padró municipal d'habitants
9;1;1;9;Quaderns auxiliars de l'empadronament municipal (No vigent)
9;1;1;10;Registre de cèdules de veïnatge (No vigent)
9;1;1;11;Registre de variacions del padró municipal d'habitants (No vigent)
9;1;2;1;Baixes per inscripció indeguda o caducitat del permís de residència de persones estrangeres
9;1;2;2;Declaracions d'alta del padró municipal d'habitants
9;1;2;3;Declaracions de baixa del padró municipal d'habitants
9;1;2;4;Declaracions de canvi de característiques personals
9;1;2;5;Declaracions de canvi de domicili del padró municipal d'habitants
9;1;2;6;Renovacions / confirmacions de l'empadronament per a persones estrangeres
9;1;2;7;Treballs preliminars per a la formació dels censos generals i dels padrons municipals d'habitants
9;1;3;1;Certificats d'inscripció al Registre municipal de parelles de fet
9;1;3;2;Comunicats de naixements, matrimonis i defuncions (No vigent)
9;1;3;3;Registre de defuncions (No vigent)
9;1;3;4;Registre de matrimonis (No vigent)
9;1;3;5;Registre de naixements (No vigent)
9;1;3;6;Registre de parelles de fet (No vigent)
9;1;3;7;Sol·licituds d'inscripció al registre de parelles de fet (No vigent)
9;2;1;1;Formació del Cens de població
9;2;1;2;Cens de població (No vigent)
9;2;1;3;Cens de població i habitatges (No vigent)
9;2;1;4;Cens d'edificis i locals (No vigent)
9;2;1;5;Cens general de la Nació (No vigent)
9;2;2;1;Butlletins de moviment natural de població
9;2;2;2;Certificats i justificants d'empadronament i convivència
9;2;2;3;Comunicats anuals de variacions del padró municipal d'habitants
9;2;2;4;Estadístiques de les entitats de població, edificis i albergs
9;2;2;5;Informes i estadístiques de població (Entrada genèrica)
9;2;2;6;Relacions mensuals de variacions del padró municipal d'habitants
9;2;2;7;Fitxes d'emigració (No vigent)
9;2;2;8;Relacions d'estrangers i transeünts (No vigent)
9;3;1;1;Actes de designació de locals per a col·legis electorals
9;3;1;2;Cens electoral
9;3;1;3;Eleccions de membres a tribunal de jurat
9;3;1;4;Llistes d'altes i baixes d'electors
9;3;1;5;Rectificacions del cens electoral
9;3;1;6;Revisions i reclamacions al cens electoral
9;3;1;7;Revisions mensuals del Cens electoral
9;3;1;8;Actes de formació de grups d'electors (No vigent)
9;3;1;9;Actes de nomenament de president i adjunts i suplent del Tribunal del Cens electoral (No vigent)
9;3;1;10;Apèndixs al registre estadístic de residents majors d'edat (No vigent)
9;3;1;11;Llistes d'electors i elegibles per a càrrecs municipals (No vigent)
9;3;1;12;Registre del Cens electoral (No vigent)
9;3;2;1;Celebracions de referèndums i plebiscits (Entrada genèrica)
9;3;2;2;Eleccions a Corts Generals
9;3;2;3;Eleccions al Parlament de Catalunya
9;3;2;4;Eleccions al Parlament Europeu
9;3;2;5;Eleccions municipals
9;3;2;6;Gestió de processos electorals (Entrada genèrica)
9;3;2;7;Actes d'elecció de compromissaris per a Senadors (No vigent)
9;3;2;8;Eleccions a procuradors a Corts Generals (No vigent)
9;3;2;9;Eleccions d'alcalde (No vigent)
9;3;2;10;Eleccions de càrrecs de justícia municipal (No vigent)
9;3;2;11;Eleccions de compromissaris per a President de la República (No vigent)
9;3;2;13;Eleccions de Diputats Provincials (No vigent)
9;3;2;14;Eleccions de regidors (No vigent)
9;3;2;15;Eleccions parcials al Senat (No vigent)
9;3;2;16;Insaculació de càrrecs (No vigent)
9;4;1;2;Exempcions de mossos de lleva (No vigent)
9;4;1;3;Expedients generals de lleves (No vigent)
9;4;1;4;Expedients personals de mossos de lleva (No vigent)
9;4;1;6;Pròfugs (No vigent)
9;4;1;7;Pròrrogues de mossos de lleva (No vigent)
9;4;1;8;Registre de lleves (No vigent)
9;4;2;2;Incidències de reservistes (No vigent)
9;4;2;3;Justificants de revista de comissari (No vigent)
9;4;2;4;Registre de crida dels reservistes (No vigent)
9;4;2;5;Revistes anuals de reservistes (No vigent)
9;4;3;2;Expedients personals de la Prestació Social Substitutòria (No vigent)
9;4;3;3;Llibres oficials d'inspecció dels objectors al servei militar (No vigent)
9;4;3;4;Registre d'activitats de la Prestació Social Substitutòria (No vigent)
9;4;4;1;Cens de béns subjectes a requisa militar (No vigent)
9;4;4;2;Requises d'aliments (No vigent)
10;3;1;2;Organització de festes i espectacles
10;3;1;3;Organització de la Festa Major
10;3;1;4;Organització del cicle festiu popular
10;3;2;1;Organització d'activitats i iniciatives culturals
10;3;2;3;Organització de jornades, cursos, conferències i tallers
10;3;2;4;Visites guiades
10;3;3;1;Foment de la llengua catalana / occitana
11;2;1;2;Llibres de visites de la inspecció dels centres educatius
11;2;1;3;Plans anuals dels centres educatius (PAC)
11;2;1;4;Programacions i unitats didàctiques
11;2;1;5;Programes d'assignatures
11;2;1;6;Projectes curriculars dels centres educatius (PCC)
11;2;1;8;Reunions dels docents dels centres educatius amb les famílies
11;2;2;1;Actes de notes escolars
11;2;2;2;Expedients d'alumnes
11;2;2;3;Registre d'alumnes de centres educatius
11;2;2;4;Registre d'escolars
11;2;3;1;Control de menús escolars
11;2;3;2;Servei d'acollida
11;2;3;3;Servei de logopèdia
11;2;3;4;Servei de mediació escolar
11;2;3;5;Aportacions de llenya per a la calefacció de l'escola (No vigent)
11;2;4;1;Consells escolars de centres educatius propis
11;2;4;2;Equips directius de centres educatius
11;2;4;3;Informes de mestres (No vigent)
11;2;4;4;Preses de possessió i cessaments de mestres (No vigent)
12;3;1;1;Atenció a la salut sexual i reproductiva
12;3;1;2;Campanyes contra les drogodependències
12;3;1;3;Campanyes de donació de sang
12;3;1;4;Campanyes de prevenció de càries dentals
12;3;1;5;Campanyes de salut
12;3;1;6;Campanyes per fomentar el consum de fruita
12;3;1;7;Campanyes per fomentar el consum de làctics
12;3;1;8;Campanyes periòdiques de vacunació
12;3;1;9;Centres de dia
12;3;1;10;Expedients de persones assistides a centres per a gent gran i persones discapacitades
12;3;1;11;Padrons i registres de malalts atesos
12;3;1;12;Revisions mèdiques escolars
12;3;1;13;Assistència farmacèutica (No vigent)
12;3;1;14;Atenció mèdica (No vigent)
12;3;1;15;Autòpsies (No vigent)
12;3;1;16;Comunicats d'assistència sanitària (No vigent)
12;3;1;17;Històries clíniques de malalts (No vigent)
12;3;2;1;Control sanitari de la població (No vigent)
12;3;2;2;Epidèmies (No vigent)
12;4;1;1;Admissions a centres assistencials per a gent gran i persones discapacitades
12;4;1;2;Expedients personals del Programa d'Inserció Sociolaboral
12;4;1;3;Expedients personals i familiars generats per benestar social
12;4;2;1;Atenció a la dependència
12;4;2;2;Atenció domiciliària
12;4;2;3;Banc d'ajudes tècniques
12;4;2;4;Concessions de bonificació al transport públic
12;4;2;5;Servei de teleassistència
12;4;2;6;Servei de transport adaptat
12;4;2;7;Sol·licituds de targetes d'aparcament per a persones amb discapacitat
12;4;2;8;Suport als cuidadors
12;4;3;1;Ajuts al menjador
12;4;3;2;Ajuts al transport escolar
12;4;3;3;Ajuts familiars o personals
12;4;3;4;Ajuts per adquisició de llibres escolars
12;4;3;5;Ajuts per assistència a colònies i campaments
12;4;3;6;Atenció a la dona
12;4;3;7;Atenció a la família
12;4;3;9;Atenció a la infància i l'adolescència
12;4;3;10;Atenció a les víctimes de violència domèstica
12;4;3;11;Atenció a transeünts
12;4;3;12;Mediació i convivència ciutadana
12;4;3;14;Banc d'aliments
12;4;3;15;Beques de menjador
12;4;3;16;Beques d'escola bressol
12;4;3;17;Informes d'arrelament social
12;4;3;19;Informes per al reagrupament familiar
12;4;3;20;Menjador social
12;4;3;21;Padrons i registres de les persones amb necessitats d'atenció social
12;4;3;23;Assistència als mutilats i vídues de guerra (No vigent)
12;4;3;24;Campanyes de Nadal i Reis (No vigent)
12;4;3;25;Causes pies i beneficis (No vigent)
12;4;3;26;Expedients de l'Auxili Social (No vigent)
12;4;3;28;Expedients del dia del plat únic i sense postre (No vigent)
12;4;3;29;Expedients del subsidi familiar agrari (No vigent)
12;4;3;30;Expedients dels orfes de guerra (No vigent)
12;4;3;32;Nòmines a pagar als orfes del municipi (No vigent)
12;4;3;33;Padrons de beneficència (No vigent)
12;4;3;34;Padrons del subsidi al combatent (No vigent)
12;4;3;35;Registre de famílies nombroses (No vigent)
12;4;3;36;Registre de famílies pobres (No vigent)
12;4;3;38;Sol·licituds de pensió per mutilat i excombatent (No vigent)
12;4;3;39;Sol·licituds de títols de família nombrosa (No vigent)
12;7;1;1;Arrendaments i concessions de nínxols
12;7;1;2;Canvis de titularitat de sepultures
12;7;1;3;Desnonaments de sepultures de lloguer
12;7;1;4;Desnonaments de sepultures de propietat
12;7;1;5;Registre d'arrendament i concessió de nínxols
12;7;1;7;Registre de nínxols del cementiri
12;7;1;8;Registre de títols de nínxols del cementiri
12;7;1;9;Registre general de sepultures i parcel·les
12;7;1;10;Renúncies de concessions i arrendaments de nínxols
12;7;1;12;Transmissions de drets de sepultura
12;7;2;1;Contractacions de serveis funeraris per part de la ciutadania
12;7;2;3;Exhumacions i inhumacions de cadàvers
12;7;2;4;Incineracions de cadàvers
12;7;2;5;Registre d'exhumacions i trasllats de cadàvers
12;7;2;6;Registre d'incineracions de cadàvers
12;7;2;7;Registre d'inhumacions de cadàvers
12;7;2;8;Trasllats de restes
12;4;2;9;Carnets municipals de descomptes
12;4;3;40;Informes d'integració social
5;1;1;2;Plans de tresoreria
6;3;1;4;Informes urbanístics previs destinats a ens locals
6;3;1;5;Consultes o queixes urbanístiques
6;4;3;15;Ocupacions de la via pública per a la instal·lació de sacs de runa
6;4;3;16;Ocupacions de la via pública per a la instal·lació de contenidors d'obres
7;1;2;4;Consultes o queixes mediambientals
7;6;4;14;Declaracions responsables en matèria de salut alimentària
2;3;2;13;Calendaris de conservació de la documentació
2;3;2;14;Calendaris de transferència de documentació
9;3;1;13;Llibres de cèdules del dret electoral (No vigent)
2;3;1;8;Registre d'entrada de documents adreçat a altres administracions o organismes
8;3;2;11;Recuperacions de l'autorització d'explotació de locals de mercats municipals
8;3;3;1;Gestió de fires i/o parades
8;4;1;1;Plans i programes de promoció econòmica
8;4;2;4;Foment de l'empreneduria
8;4;3;3;Registre de control de visitants a oficines de turisme
8;4;4;6;Cens d'aturats (No vigent)
8;4;5;2;Comunicats mensuals de moviment del Pòsit (No vigent)
9;1;1;3;Rectificacions del padró municipal d'habitants
9;1;1;8;Apèndixs al padró municipal d'habitants (No vigent)
9;3;2;12;Eleccions de Diputats a Corts (No vigent)
9;4;1;1;Cartilles militars (No vigent)
9;4;1;5;Llicències i permisos (No vigent)
9;4;2;1;Fitxes de mobilització i crida (No vigent)
9;4;3;1;Expedients generals de la Prestació Social Substitutòria (No vigent)
10;3;1;1;Organització d'activitats commemoratives
10;3;2;2;Organització de concursos i premis
11;2;1;1;Jornades de portes obertes en centres educatius
11;2;1;7;Projectes educatius de centres educatius (PEC)
12;4;3;8;Atenció a la immigració i a la ciutadania
12;4;3;13;Atenció als refugiats i víctimes de guerra
12;4;3;18;Informes del servei d'assistència social
12;4;3;22;Prestacions econòmiques d'urgència social
12;4;3;27;Expedients de viduïtat (No vigent)
12;4;3;31;Expedients personals de subsidi al combatent (No vigent)
12;4;3;37;Sol·licituds d'acolliment a l'Obra Nacional de Protecció als orfes de guerra (No vigent)
12;7;1;6;Registre de concessions temporals de sepultures
12;7;1;11;Títols del cementiri
12;7;2;2;Exhumacions de cadàvers pel trasllat de sepultura o incineració sense la presència de la família
2;8;9;5;Arrendaments d'ús de béns de tercers
